Horizonte (h),RMSE_HAC,RMSE_NOAA,Ganho_vs_NOAA (%),Ganho_vs_Persistência (%),R2_HAC
1,5.023469828784082,2.0,-151.1734914392041,29.308904259185717,0.8168496513565484
3,5.467548201636584,2.3,-137.7194870276776,23.059760173186557,0.7830371414444987
6,5.455368447688143,2.5,-118.21473790752573,23.233617985635103,0.7840269339615652
12,5.448635999404443,3.2,-70.26987498138884,23.33294551612352,0.7845785547783893
